"","logLik","AIC","AICc","BIC"
"mar1.null",-70.0144033876211,148.028806775242,148.663727410163,154.134248873707
"mar1.full",-66.1367255777131,144.273451155426,145.650500335754,153.431614303123
"mar1.temp",-63.688645840555,145.37729168111,148.480739956972,159.114536402655
"mar1.temp.only",-66.5830353838657,147.166070767731,149.032737434398,157.850594440044
"mar1.temp1",-63.9307431369387,145.861486273877,148.964934549739,159.598730995423
"mar1.rain",-63.2751979582286,144.550395916457,147.653844192319,158.287640638003
"mar1.both",-62.5030685431586,147.006137086317,151.720422800603,163.796102857095
