"","value","SE","lower","upper"
"b11"," 0.7413","0.11430"," 0.51726","0.9653"
"b22"," 0.7372","0.10455"," 0.53232","0.9421"
"tempMay_year","-0.1263","0.11560","-0.35288","0.1003"
"tempApril_year_minus4"," 0.2482","0.10731"," 0.03791","0.4585"
"(X.Y1,X.Y1)"," 0.4297","0.08033"," 0.24806","0.6609"
"(X.Y2,X.Y2)"," 0.3769","0.07669"," 0.21490","0.5840"
