"","value","SE","lower","upper"
"b11",0.763539619642554,0.110852159753044,0.546273378918107,0.980805860367001
"b21",0.198437905560622,0.103928727486831,-0.00525865727264438,0.402134468393889
"b12",-0.187374871826833,0.118590263791736,-0.419807517775741,0.0450577741220744
"b22",0.672072768926294,0.106440551541767,0.463453121409852,0.880692416442735
"tempMay_year",-0.0791844441503621,0.119374283337652,-0.313153740172439,0.154784851871715
"0",0.0622436241524534,0.0808952317815163,-0.0963081166603386,0.220795364965245
"tempApril_year_minus4",0.205813912011532,0.104451097639479,0.00109352249247591,0.410534301530589
"(X.Y1,X.Y1)",0.393987037090277,0.0772401278395909,0.226857878121399,0.606952769654482
"(X.Y2,X.Y2)",0.337733019253146,0.0729607619337528,0.191973277931149,0.524391026941538
