"","value","SE","lower","upper"
"b11"," 0.7440","0.07665","0.2264","0.6026"
"b21"," 0.2306","0.07365","0.1965","0.5357"
"b12","-0.2280","0.07665","0.2264","0.6026"
"b22"," 0.6885","0.07365","0.1965","0.5357"
"rainMay_year","-0.1493","0.07665","0.2264","0.6026"
"rainApril_year_minus4","-0.1041","0.07365","0.1965","0.5357"
"(X.Y1,X.Y1)"," 0.3718","0.07665","0.2264","0.6026"
"(X.Y2,X.Y2)"," 0.3847","0.07365","0.1965","0.5357"
