"","value","SE","lower","upper"
"b11",0.743992966103398,0.0766516420078843,0.22637636817416,0.602578301921817
"b21",0.230586604691247,0.0736492343041145,0.196461403702978,0.535735229523912
"b12",-0.228006968046451,0.0766516420078843,0.22637636817416,0.602578301921817
"b22",0.688467743092375,0.0736492343041145,0.196461403702978,0.535735229523912
"rainMay_year",-0.149297884052226,0.0766516420078843,0.22637636817416,0.602578301921817
"rainApril_year_minus4",-0.104051520266383,0.0736492343041145,0.196461403702978,0.535735229523912
"(X.Y1,X.Y1)",0.371791539492973,0.0766516420078843,0.22637636817416,0.602578301921817
"(X.Y2,X.Y2)",0.384741008219101,0.0736492343041145,0.196461403702978,0.535735229523912
