"","value","SE","lower","upper"
"b11",0.730075997211271,0.116620070021036,0.501504860095501,0.95864713432704
"b22",0.697845317428723,0.11418205207263,0.474052607685491,0.921638027171955
"(X.Y1,X.Y1)",0.448784605245041,0.082460458146666,0.25836314711633,0.691447807110718
"(X.Y2,X.Y2)",0.429186095127619,0.08064030091566,0.247079456106416,0.661253657608829
