"","value","SE","lower","upper"
"b11",0.734097029250005,0.114455301054723,0.50976876134306,0.958425297156951
"b22",0.708122063054876,0.107940696907663,0.496562184649702,0.91968194146005
"tempMay_year",-0.142523294672707,0.11676000279182,-0.371368694979471,0.0863221056340568
"0",0.0787086697671668,0.0835276183083965,-0.0850024538316986,0.242419793366032
"tempApril_year_minus4",0.228938112071374,0.10805278416461,0.0171585466794579,0.440717677463289
"(X.Y1,X.Y1)",0.429463789248423,0.0804799421656791,0.247602853926699,0.661087144173767
"(X.Y2,X.Y2)",0.368201412503943,0.0758273653992172,0.209926270478878,0.570651712509579
