"","value","SE","lower","upper"
"b11",0.757427303374661,0.111512630114857,0.538866564528205,0.975988042221118
"b21",0.196388001025052,0.105311191995795,-0.0100181424556899,0.402794144505794
"b12",-0.188730534993801,0.121394840404384,-0.426660050095381,0.049198980107779
"b22",0.696374750784738,0.102998855628172,0.49450070330468,0.898248798264796
"tempMay_year",-0.0751081087100709,0.122226054519038,-0.314666773539814,0.164450556119672
"tempApril_year_minus4",0.221366673500985,0.10371570080047,0.0180876353007323,0.424645711701238
"(X.Y1,X.Y1)",0.391906942770186,0.0766516420078843,0.22637636817416,0.602578301921817
"(X.Y2,X.Y2)",0.34526143836391,0.0736492343041145,0.196461403702978,0.535735229523912
