"","value","SE","lower","upper"
"b11"," 0.7710","0.11129"," 0.5528321"," 0.98908"
"b21"," 0.2150","0.10961"," 0.0001838"," 0.42984"
"b12","-0.2333","0.11142","-0.4516968","-0.01495"
"b22"," 0.6601","0.10976"," 0.4449659"," 0.87520"
"(X.Y1,X.Y1)"," 0.3961","0.07747"," 0.2280603"," 0.61035"
"(X.Y2,X.Y2)"," 0.3844","0.07631"," 0.2212871"," 0.59222"
