"","value","SE","lower","upper"
"b11",0.771038894262635,0.110093516867505,0.555259566270972,0.986818222254298
"b21",0.199108129656289,0.105113460674966,-0.00691046755701125,0.40512672686959
"b12",-0.198979890391967,0.117181693921304,-0.42865179012512,0.0306920093411857
"b22",0.695101923414626,0.103181695965996,0.492869515457511,0.897334331371741
"tempMay_year",-0.0623778790800963,0.117099723310319,-0.291889119367927,0.167133361207735
"tempApril_year_minus4",0.22093644791645,0.103708668595455,0.0176711925847575,0.424201703248143
"(X.Y1,X.Y1)",0.391282751865439,0.0767032359232047,0.225805916500286,0.601961160402635
"(X.Y2,X.Y2)",0.345357162131253,0.0736714658295933,0.196494981420774,0.535918262155297
