"","value","SE","lower","upper"
"b11",0.749417147442599,0.0766574681408191,0.226378492611429,0.602617225041748
"b21",0.207788509586073,0.0736524063172456,0.196550765345916,0.53590099397709
"b12",-0.198164691389081,0.0766574681408191,0.226378492611429,0.602617225041748
"b22",0.676990057129069,0.0736524063172456,0.196550765345916,0.53590099397709
"(X.Y1,X.Y1)",0.34912886568481,0.0766574681408191,0.226378492611429,0.602617225041748
"(X.Y2,X.Y2)",0.367081410117537,0.0736524063172456,0.196550765345916,0.53590099397709
