"","value","SE","lower","upper"
"b11_1"," 1.0207","0.15957"," 0.7080"," 1.33348"
"b22_1"," 0.7482","0.16714"," 0.4206"," 1.07581"
"b11_2","-0.3829","0.16108","-0.6986","-0.06717"
"b12_2","-0.1442","0.10801","-0.3559"," 0.06750"
"b22_2","-0.1426","0.16004","-0.4562"," 0.17111"
"q11"," 0.3234","0.07108"," 0.1843"," 0.50126"
"q22"," 0.3957","0.07863"," 0.2255"," 0.61328"
