"","value","SE","lower","upper"
"b11_1"," 1.0966","0.15320"," 0.7963"," 1.3969"
"b22_1"," 0.7482","0.16719"," 0.4205"," 1.0759"
"b11_2","-0.4655","0.15281","-0.7650","-0.1660"
"b22_2","-0.1426","0.16012","-0.4564"," 0.1713"
"q11"," 0.3414","0.07304"," 0.1946"," 0.5292"
"q22"," 0.3957","0.07863"," 0.2255"," 0.6133"
