"","value","SE","lower","upper"
"b11_1"," 1.09658","0.15320"," 0.79631"," 1.3969"
"b22_1"," 0.61055","0.16078"," 0.29542"," 0.9257"
"b11_2","-0.46547","0.15281","-0.76497","-0.1660"
"b21_2"," 0.28093","0.10781"," 0.06962"," 0.4922"
"b22_2","-0.09764","0.14643","-0.38464"," 0.1894"
"q11"," 0.34140","0.08535"," 0.17412"," 0.5087"
"q22"," 0.32641","0.08160"," 0.16647"," 0.4863"
